,All
PATHOMAP_AB001,All
PATHOMAP_AB002,All
PATHOMAP_AB003,All
PATHOMAP_AB004,All
PATHOMAP_AB005,All
PATHOMAP_AB006,All
PATHOMAP_AB007,All
PATHOMAP_AB008,All
PATHOMAP_AB009,All
PATHOMAP_AB010,All
PATHOMAP_AB011,All
PATHOMAP_AB012,All
PATHOMAP_AB013,All
PATHOMAP_AB014,All
PATHOMAP_AB015,All
PATHOMAP_AB016,All
PATHOMAP_AB017,All
PATHOMAP_AB018,All
PATHOMAP_AB019,All
PATHOMAP_AB020,All
PATHOMAP_AB021,All
PATHOMAP_AB022,All
PATHOMAP_AB023,All
PATHOMAP_AB024,All
PATHOMAP_AB025,All
PATHOMAP_AB026,All
PATHOMAP_AB027,All
PATHOMAP_AB028,All
PATHOMAP_AB029,All
PATHOMAP_AB030,All
PATHOMAP_Culture01,All
PATHOMAP_Culture02,All
PATHOMAP_Culture03,All
PATHOMAP_Culture05,All
PATHOMAP_Culture07,All
PATHOMAP_Culture08,All
PATHOMAP_Culture09,All
PATHOMAP_Culture10,All
PATHOMAP_Culture11,All
PATHOMAP_Culture12,All
PATHOMAP_FALL36,All
PATHOMAP_FALL37,All
PATHOMAP_GC11,All
PATHOMAP_GC14,All
PATHOMAP_GC7,All
PATHOMAP_Gowanus,All
PATHOMAP_P00007,All
PATHOMAP_P00007_hudsonmiseq,All
PATHOMAP_P00008,All
PATHOMAP_P00008_hudsonmiseq,All
PATHOMAP_P00009,All
PATHOMAP_P00009_hudsonmiseq,All
PATHOMAP_P00010,All
PATHOMAP_P00010_hudsonmiseq,All
PATHOMAP_P00011,All
PATHOMAP_P00011_hudsonmiseq,All
PATHOMAP_P00024,All
PATHOMAP_P00024_hudsonmiseq,All
PATHOMAP_P00027,All
PATHOMAP_P00027_hudsonmiseq,All
PATHOMAP_P00030,All
PATHOMAP_P00030_hudsonmiseq,All
PATHOMAP_P00031,All
PATHOMAP_P00031_hudsonmiseq,All
PATHOMAP_P00032,All
PATHOMAP_P00032_hudsonmiseq,All
PATHOMAP_P00033,All
PATHOMAP_P00033_hudsonmiseq,All
PATHOMAP_P00034,All
PATHOMAP_P00034_hudsonmiseq,All
PATHOMAP_P00035,All
PATHOMAP_P00035_hudsonmiseq,All
PATHOMAP_P00036,All
PATHOMAP_P00036_hudsonmiseq,All
PATHOMAP_P00041,All
PATHOMAP_P00041_hudsonmiseq,All
PATHOMAP_P00042,All
PATHOMAP_P00042_hudsonmiseq,All
PATHOMAP_P00044,All
PATHOMAP_P00044_hudsonmiseq,All
PATHOMAP_P00046_hiseq,All
PATHOMAP_P00046_hudsonmiseq,All
PATHOMAP_P00046_miseq,All
PATHOMAP_P00047_hiseq,All
PATHOMAP_P00047_miseq,All
PATHOMAP_P00049_hiseq,All
PATHOMAP_P00049_hudsonmiseq,All
PATHOMAP_P00049_miseq,All
PATHOMAP_P00050_hiseq,All
PATHOMAP_P00050_hudsonmiseq,All
PATHOMAP_P00050_miseq,All
PATHOMAP_P00051_hiseq,All
PATHOMAP_P00051_hudsonmiseq,All
PATHOMAP_P00051_miseq,All
PATHOMAP_P00052_hiseq,All
PATHOMAP_P00052_hudsonmiseq,All
PATHOMAP_P00052_miseq,All
PATHOMAP_P00053,All
PATHOMAP_P00053_hudsonmiseq,All
PATHOMAP_P00054_hiseq,All
PATHOMAP_P00054_hudsonmiseq,All
PATHOMAP_P00054_miseq,All
PATHOMAP_P00055_hiseq,All
PATHOMAP_P00055_hudsonmiseq,All
PATHOMAP_P00055_miseq,All
PATHOMAP_P00056_hiseq,All
PATHOMAP_P00056_hudsonmiseq,All
PATHOMAP_P00056_miseq,All
PATHOMAP_P00058_hiseq,All
PATHOMAP_P00058_hudsonmiseq,All
PATHOMAP_P00058_miseq,All
PATHOMAP_P00059,All
PATHOMAP_P00059_hudsonmiseq,All
PATHOMAP_P00060,All
PATHOMAP_P00060_hudsonmiseq,All
PATHOMAP_P00061_hiseq,All
PATHOMAP_P00061_hudsonmiseq,All
PATHOMAP_P00061_miseq,All
PATHOMAP_P00062,All
PATHOMAP_P00062_hudsonmiseq,All
PATHOMAP_P00063,All
PATHOMAP_P00063_hudsonmiseq,All
PATHOMAP_P00064,All
PATHOMAP_P00066,All
PATHOMAP_P00067,All
PATHOMAP_P00068,All
PATHOMAP_P00068_hudsonmiseq,All
PATHOMAP_P00069,All
PATHOMAP_P00069_hudsonmiseq,All
PATHOMAP_P00070,All
PATHOMAP_P00072,All
PATHOMAP_P00073,All
PATHOMAP_P00074,All
PATHOMAP_P00074_hudsonmiseq,All
PATHOMAP_P00079,All
PATHOMAP_P00080_hiseq,All
PATHOMAP_P00080_hudsonmiseq,All
PATHOMAP_P00080_miseq,All
PATHOMAP_P00081_hiseq,All
PATHOMAP_P00081_hudsonmiseq,All
PATHOMAP_P00081_miseq,All
PATHOMAP_P00083,All
PATHOMAP_P00083_hudsonmiseq,All
PATHOMAP_P00084_hiseq,All
PATHOMAP_P00084_hudsonmiseq,All
PATHOMAP_P00084_miseq,All
PATHOMAP_P00085,All
PATHOMAP_P00085_hudsonmiseq,All
PATHOMAP_P00086,All
PATHOMAP_P00086_hudsonmiseq,All
PATHOMAP_P00087_hiseq,All
PATHOMAP_P00087_hudsonmiseq,All
PATHOMAP_P00087_miseq,All
PATHOMAP_P00088_hiseq,All
PATHOMAP_P00088_hudsonmiseq,All
PATHOMAP_P00088_miseq,All
PATHOMAP_P00089,All
PATHOMAP_P00090_hiseq,All
PATHOMAP_P00090_hudsonmiseq,All
PATHOMAP_P00090_miseq,All
PATHOMAP_P00091_hiseq,All
PATHOMAP_P00091_hudsonmiseq,All
PATHOMAP_P00091_miseq,All
PATHOMAP_P00092,All
PATHOMAP_P00093,All
PATHOMAP_P00093_hudsonmiseq,All
PATHOMAP_P00094_hiseq,All
PATHOMAP_P00094_hudsonmiseq,All
PATHOMAP_P00094_miseq,All
PATHOMAP_P00095,All
PATHOMAP_P00099,All
PATHOMAP_P00100,All
PATHOMAP_P00100_hudsonmiseq,All
PATHOMAP_P00101,All
PATHOMAP_P00102,All
PATHOMAP_P00103,All
PATHOMAP_P00103_hudsonmiseq,All
PATHOMAP_P00107,All
PATHOMAP_P00108,All
PATHOMAP_P00109,All
PATHOMAP_P00109_hudsonmiseq,All
PATHOMAP_P00111,All
PATHOMAP_P00112,All
PATHOMAP_P00112_hudsonmiseq,All
PATHOMAP_P00113,All
PATHOMAP_P00113_hudsonmiseq,All
PATHOMAP_P00114,All
PATHOMAP_P00115,All
PATHOMAP_P00116,All
PATHOMAP_P00117,All
PATHOMAP_P00117_hudsonmiseq,All
PATHOMAP_P00118,All
PATHOMAP_P00118_hudsonmiseq,All
PATHOMAP_P00119,All
PATHOMAP_P00120,All
PATHOMAP_P00120_hudsonmiseq,All
PATHOMAP_P00121,All
PATHOMAP_P00121_hudsonmiseq,All
PATHOMAP_P00122,All
PATHOMAP_P00123,All
PATHOMAP_P00123_hudsonmiseq,All
PATHOMAP_P00124,All
PATHOMAP_P00124_hudsonmiseq,All
PATHOMAP_P00125,All
PATHOMAP_P00125_hudsonmiseq,All
PATHOMAP_P00126,All
PATHOMAP_P00127,All
PATHOMAP_P00127_hudsonmiseq,All
PATHOMAP_P00128,All
PATHOMAP_P00128_hudsonmiseq,All
PATHOMAP_P00129,All
PATHOMAP_P00130,All
PATHOMAP_P00130_hudsonmiseq,All
PATHOMAP_P00131,All
PATHOMAP_P00132,All
PATHOMAP_P00132_hudsonmiseq,All
PATHOMAP_P00133,All
PATHOMAP_P00133_hudsonmiseq,All
PATHOMAP_P00134,All
PATHOMAP_P00134_hudsonmiseq,All
PATHOMAP_P00135,All
PATHOMAP_P00135_hudsonmiseq,All
PATHOMAP_P00139,All
PATHOMAP_P00141,All
PATHOMAP_P00143,All
PATHOMAP_P00143_hudsonmiseq,All
PATHOMAP_P00147,All
PATHOMAP_P00148,All
PATHOMAP_P00148_hudsonmiseq,All
PATHOMAP_P00149,All
PATHOMAP_P00149_hudsonmiseq,All
PATHOMAP_P00150,All
PATHOMAP_P00151,All
PATHOMAP_P00151_hudsonmiseq,All
PATHOMAP_P00152,All
PATHOMAP_P00152_hudsonmiseq,All
PATHOMAP_P00153,All
PATHOMAP_P00153_hudsonmiseq,All
PATHOMAP_P00154,All
PATHOMAP_P00155,All
PATHOMAP_P00155_hudsonmiseq,All
PATHOMAP_P00156,All
PATHOMAP_P00156_hudsonmiseq,All
PATHOMAP_P00157,All
PATHOMAP_P00158,All
PATHOMAP_P00158_hudsonmiseq,All
PATHOMAP_P00159,All
PATHOMAP_P00159_hudsonmiseq,All
PATHOMAP_P00160,All
PATHOMAP_P00160_hudsonmiseq,All
PATHOMAP_P00161,All
PATHOMAP_P00162,All
PATHOMAP_P00163,All
PATHOMAP_P00163_hudsonmiseq,All
PATHOMAP_P00164,All
PATHOMAP_P00165,All
PATHOMAP_P00166,All
PATHOMAP_P00166_hudsonmiseq,All
PATHOMAP_P00167,All
PATHOMAP_P00167_hudsonmiseq,All
PATHOMAP_P00168,All
PATHOMAP_P00169,All
PATHOMAP_P00169_hudsonmiseq,All
PATHOMAP_P00170,All
PATHOMAP_P00170_hudsonmiseq,All
PATHOMAP_P00171,All
PATHOMAP_P00171_hudsonmiseq,All
PATHOMAP_P00172,All
PATHOMAP_P00173,All
PATHOMAP_P00173_hudsonmiseq,All
PATHOMAP_P00174,All
PATHOMAP_P00174_hudsonmiseq,All
PATHOMAP_P00175,All
PATHOMAP_P00176,All
PATHOMAP_P00176_hudsonmiseq,All
PATHOMAP_P00177,All
PATHOMAP_P00177_hudsonmiseq,All
PATHOMAP_P00178,All
PATHOMAP_P00179,All
PATHOMAP_P00179_hudsonmiseq,All
PATHOMAP_P00180,All
PATHOMAP_P00180_hudsonmiseq,All
PATHOMAP_P00181,All
PATHOMAP_P00182,All
PATHOMAP_P00182_hudsonmiseq,All
PATHOMAP_P00183,All
PATHOMAP_P00183_hudsonmiseq,All
PATHOMAP_P00184,All
PATHOMAP_P00184_hudsonmiseq,All
PATHOMAP_P00185,All
PATHOMAP_P00186,All
PATHOMAP_P00186_hudsonmiseq,All
PATHOMAP_P00187,All
PATHOMAP_P00187_hudsonmiseq,All
PATHOMAP_P00188,All
PATHOMAP_P00189,All
PATHOMAP_P00189_hudsonmiseq,All
PATHOMAP_P00190,All
PATHOMAP_P00191,All
PATHOMAP_P00192,All
PATHOMAP_P00193,All
PATHOMAP_P00194,All
PATHOMAP_P00195,All
PATHOMAP_P00196,All
PATHOMAP_P00197,All
PATHOMAP_P00198,All
PATHOMAP_P00199,All
PATHOMAP_P00201,All
PATHOMAP_P00202,All
PATHOMAP_P00203,All
PATHOMAP_P00204,All
PATHOMAP_P00205,All
PATHOMAP_P00206,All
PATHOMAP_P00207,All
PATHOMAP_P00208,All
PATHOMAP_P00209,All
PATHOMAP_P00210,All
PATHOMAP_P00211,All
PATHOMAP_P00212,All
PATHOMAP_P00213,All
PATHOMAP_P00214,All
PATHOMAP_P00215,All
PATHOMAP_P00217,All
PATHOMAP_P00218,All
PATHOMAP_P00219,All
PATHOMAP_P00220,All
PATHOMAP_P00221,All
PATHOMAP_P00222,All
PATHOMAP_P00223,All
PATHOMAP_P00224,All
PATHOMAP_P00225,All
PATHOMAP_P00226,All
PATHOMAP_P00227,All
PATHOMAP_P00228,All
PATHOMAP_P00229,All
PATHOMAP_P00230,All
PATHOMAP_P00231,All
PATHOMAP_P00232,All
PATHOMAP_P00233,All
PATHOMAP_P00234,All
PATHOMAP_P00235,All
PATHOMAP_P00236,All
PATHOMAP_P00237,All
PATHOMAP_P00238,All
PATHOMAP_P00239,All
PATHOMAP_P00240,All
PATHOMAP_P00241,All
PATHOMAP_P00242,All
PATHOMAP_P00243,All
PATHOMAP_P00244,All
PATHOMAP_P00245,All
PATHOMAP_P00246,All
PATHOMAP_P00247,All
PATHOMAP_P00248,All
PATHOMAP_P00251,All
PATHOMAP_P00252,All
PATHOMAP_P00254,All
PATHOMAP_P00257,All
PATHOMAP_P00259,All
PATHOMAP_P00260,All
PATHOMAP_P00262,All
PATHOMAP_P00263,All
PATHOMAP_P00264,All
PATHOMAP_P00265,All
PATHOMAP_P00266,All
PATHOMAP_P00267,All
PATHOMAP_P00268,All
PATHOMAP_P00269,All
PATHOMAP_P00270,All
PATHOMAP_P00271,All
PATHOMAP_P00272,All
PATHOMAP_P00273,All
PATHOMAP_P00274,All
PATHOMAP_P00276,All
PATHOMAP_P00277,All
PATHOMAP_P00278,All
PATHOMAP_P00279,All
PATHOMAP_P00280,All
PATHOMAP_P00281,All
PATHOMAP_P00282,All
PATHOMAP_P00283,All
PATHOMAP_P00284,All
PATHOMAP_P00285,All
PATHOMAP_P00286,All
PATHOMAP_P00287,All
PATHOMAP_P00288,All
PATHOMAP_P00289,All
PATHOMAP_P00290,All
PATHOMAP_P00291,All
PATHOMAP_P00292,All
PATHOMAP_P00293,All
PATHOMAP_P00294,All
PATHOMAP_P00295,All
PATHOMAP_P00296,All
PATHOMAP_P00297,All
PATHOMAP_P00298,All
PATHOMAP_P00299,All
PATHOMAP_P00300,All
PATHOMAP_P00301,All
PATHOMAP_P00302,All
PATHOMAP_P00303,All
PATHOMAP_P00304,All
PATHOMAP_P00305,All
PATHOMAP_P00306,All
PATHOMAP_P00307,All
PATHOMAP_P00308,All
PATHOMAP_P00309,All
PATHOMAP_P00310,All
PATHOMAP_P00311,All
PATHOMAP_P00312,All
PATHOMAP_P00313,All
PATHOMAP_P00314,All
PATHOMAP_P00315,All
PATHOMAP_P00316,All
PATHOMAP_P00317,All
PATHOMAP_P00318,All
PATHOMAP_P00319,All
PATHOMAP_P00320,All
PATHOMAP_P00321,All
PATHOMAP_P00322,All
PATHOMAP_P00323,All
PATHOMAP_P00324,All
PATHOMAP_P00325,All
PATHOMAP_P00326,All
PATHOMAP_P00327,All
PATHOMAP_P00328,All
PATHOMAP_P00329,All
PATHOMAP_P00330,All
PATHOMAP_P00331,All
PATHOMAP_P00332,All
PATHOMAP_P00333,All
PATHOMAP_P00334,All
PATHOMAP_P00335,All
PATHOMAP_P00336,All
PATHOMAP_P00337,All
PATHOMAP_P00338,All
PATHOMAP_P00339,All
PATHOMAP_P00340,All
PATHOMAP_P00341,All
PATHOMAP_P00342,All
PATHOMAP_P00343,All
PATHOMAP_P00344,All
PATHOMAP_P00345,All
PATHOMAP_P00347,All
PATHOMAP_P00348,All
PATHOMAP_P00349,All
PATHOMAP_P00350,All
PATHOMAP_P00351,All
PATHOMAP_P00353,All
PATHOMAP_P00354,All
PATHOMAP_P00355,All
PATHOMAP_P00356,All
PATHOMAP_P00357,All
PATHOMAP_P00358,All
PATHOMAP_P00359,All
PATHOMAP_P00360,All
PATHOMAP_P00361,All
PATHOMAP_P00362,All
PATHOMAP_P00363,All
PATHOMAP_P00365,All
PATHOMAP_P00366,All
PATHOMAP_P00367,All
PATHOMAP_P00368,All
PATHOMAP_P00369,All
PATHOMAP_P00370,All
PATHOMAP_P00371,All
PATHOMAP_P00372,All
PATHOMAP_P00373,All
PATHOMAP_P00374,All
PATHOMAP_P00375,All
PATHOMAP_P00376,All
PATHOMAP_P00377,All
PATHOMAP_P00378,All
PATHOMAP_P00379,All
PATHOMAP_P00380,All
PATHOMAP_P00381,All
PATHOMAP_P00382,All
PATHOMAP_P00383,All
PATHOMAP_P00384,All
PATHOMAP_P00385,All
PATHOMAP_P00386,All
PATHOMAP_P00387,All
PATHOMAP_P00388,All
PATHOMAP_P00389,All
PATHOMAP_P00390,All
PATHOMAP_P00391,All
PATHOMAP_P00392,All
PATHOMAP_P00393,All
PATHOMAP_P00394,All
PATHOMAP_P00395,All
PATHOMAP_P00396,All
PATHOMAP_P00397,All
PATHOMAP_P00398,All
PATHOMAP_P00399,All
PATHOMAP_P00400,All
PATHOMAP_P00401,All
PATHOMAP_P00402,All
PATHOMAP_P00403,All
PATHOMAP_P00404,All
PATHOMAP_P00405,All
PATHOMAP_P00406,All
PATHOMAP_P00408,All
PATHOMAP_P00409,All
PATHOMAP_P00410,All
PATHOMAP_P00411,All
PATHOMAP_P00412,All
PATHOMAP_P00413,All
PATHOMAP_P00414,All
PATHOMAP_P00415,All
PATHOMAP_P00416,All
PATHOMAP_P00417,All
PATHOMAP_P00419,All
PATHOMAP_P00420,All
PATHOMAP_P00421,All
PATHOMAP_P00422,All
PATHOMAP_P00423,All
PATHOMAP_P00424,All
PATHOMAP_P00425,All
PATHOMAP_P00426,All
PATHOMAP_P00427,All
PATHOMAP_P00428,All
PATHOMAP_P00429,All
PATHOMAP_P00430,All
PATHOMAP_P00431,All
PATHOMAP_P00432,All
PATHOMAP_P00433,All
PATHOMAP_P00434,All
PATHOMAP_P00435,All
PATHOMAP_P00436,All
PATHOMAP_P00437,All
PATHOMAP_P00438,All
PATHOMAP_P00439,All
PATHOMAP_P00440,All
PATHOMAP_P00441,All
PATHOMAP_P00442,All
PATHOMAP_P00443,All
PATHOMAP_P00444,All
PATHOMAP_P00445,All
PATHOMAP_P00446,All
PATHOMAP_P00447,All
PATHOMAP_P00448,All
PATHOMAP_P00449,All
PATHOMAP_P00450,All
PATHOMAP_P00451,All
PATHOMAP_P00452,All
PATHOMAP_P00453,All
PATHOMAP_P00454,All
PATHOMAP_P00455,All
PATHOMAP_P00456,All
PATHOMAP_P00457,All
PATHOMAP_P00458,All
PATHOMAP_P00459,All
PATHOMAP_P00460,All
PATHOMAP_P00461,All
PATHOMAP_P00462,All
PATHOMAP_P00463,All
PATHOMAP_P00464,All
PATHOMAP_P00465,All
PATHOMAP_P00466,All
PATHOMAP_P00467,All
PATHOMAP_P00468,All
PATHOMAP_P00469,All
PATHOMAP_P00470,All
PATHOMAP_P00471,All
PATHOMAP_P00472,All
PATHOMAP_P00473,All
PATHOMAP_P00474,All
PATHOMAP_P00475,All
PATHOMAP_P00476,All
PATHOMAP_P00477,All
PATHOMAP_P00478,All
PATHOMAP_P00479,All
PATHOMAP_P00480,All
PATHOMAP_P00481,All
PATHOMAP_P00482,All
PATHOMAP_P00483,All
PATHOMAP_P00484,All
PATHOMAP_P00485,All
PATHOMAP_P00486,All
PATHOMAP_P00487,All
PATHOMAP_P00488,All
PATHOMAP_P00489,All
PATHOMAP_P00490,All
PATHOMAP_P00491,All
PATHOMAP_P00492,All
PATHOMAP_P00493,All
PATHOMAP_P00494,All
PATHOMAP_P00495,All
PATHOMAP_P00496,All
PATHOMAP_P00497,All
PATHOMAP_P00498,All
PATHOMAP_P00499,All
PATHOMAP_P00500,All
PATHOMAP_P00501,All
PATHOMAP_P00502,All
PATHOMAP_P00503,All
PATHOMAP_P00504,All
PATHOMAP_P00505,All
PATHOMAP_P00506,All
PATHOMAP_P00507,All
PATHOMAP_P00508,All
PATHOMAP_P00509,All
PATHOMAP_P00511,All
PATHOMAP_P00512,All
PATHOMAP_P00513,All
PATHOMAP_P00514,All
PATHOMAP_P00515,All
PATHOMAP_P00516,All
PATHOMAP_P00517,All
PATHOMAP_P00518,All
PATHOMAP_P00519,All
PATHOMAP_P00520,All
PATHOMAP_P00521,All
PATHOMAP_P00522,All
PATHOMAP_P00523,All
PATHOMAP_P00524,All
PATHOMAP_P00525,All
PATHOMAP_P00526,All
PATHOMAP_P00527,All
PATHOMAP_P00529,All
PATHOMAP_P00530,All
PATHOMAP_P00531,All
PATHOMAP_P00532,All
PATHOMAP_P00533,All
PATHOMAP_P00535,All
PATHOMAP_P00536,All
PATHOMAP_P00537,All
PATHOMAP_P00538,All
PATHOMAP_P00539,All
PATHOMAP_P00540,All
PATHOMAP_P00541,All
PATHOMAP_P00542,All
PATHOMAP_P00543,All
PATHOMAP_P00544,All
PATHOMAP_P00545,All
PATHOMAP_P00546,All
PATHOMAP_P00547,All
PATHOMAP_P00548,All
PATHOMAP_P00549,All
PATHOMAP_P00550,All
PATHOMAP_P00551,All
PATHOMAP_P00552,All
PATHOMAP_P00553,All
PATHOMAP_P00554,All
PATHOMAP_P00555,All
PATHOMAP_P00556,All
PATHOMAP_P00557,All
PATHOMAP_P00558,All
PATHOMAP_P00560,All
PATHOMAP_P00561,All
PATHOMAP_P00562,All
PATHOMAP_P00563,All
PATHOMAP_P00564,All
PATHOMAP_P00565,All
PATHOMAP_P00566,All
PATHOMAP_P00567,All
PATHOMAP_P00568,All
PATHOMAP_P00569,All
PATHOMAP_P00570,All
PATHOMAP_P00571,All
PATHOMAP_P00572,All
PATHOMAP_P00574,All
PATHOMAP_P00575,All
PATHOMAP_P00576,All
PATHOMAP_P00577,All
PATHOMAP_P00578,All
PATHOMAP_P00579,All
PATHOMAP_P00580,All
PATHOMAP_P00581,All
PATHOMAP_P00582,All
PATHOMAP_P00583,All
PATHOMAP_P00584,All
PATHOMAP_P00585,All
PATHOMAP_P00586,All
PATHOMAP_P00587,All
PATHOMAP_P00588,All
PATHOMAP_P00589,All
PATHOMAP_P00590,All
PATHOMAP_P00591,All
PATHOMAP_P00592,All
PATHOMAP_P00593,All
PATHOMAP_P00594,All
PATHOMAP_P00595,All
PATHOMAP_P00596,All
PATHOMAP_P00597,All
PATHOMAP_P00598,All
PATHOMAP_P00599,All
PATHOMAP_P00600,All
PATHOMAP_P00601,All
PATHOMAP_P00602,All
PATHOMAP_P00603,All
PATHOMAP_P00604,All
PATHOMAP_P00605,All
PATHOMAP_P00606,All
PATHOMAP_P00607,All
PATHOMAP_P00608,All
PATHOMAP_P00609,All
PATHOMAP_P00610,All
PATHOMAP_P00611,All
PATHOMAP_P00612,All
PATHOMAP_P00613,All
PATHOMAP_P00614,All
PATHOMAP_P00615,All
PATHOMAP_P00616,All
PATHOMAP_P00617,All
PATHOMAP_P00618,All
PATHOMAP_P00619,All
PATHOMAP_P00620,All
PATHOMAP_P00621,All
PATHOMAP_P00622,All
PATHOMAP_P00623,All
PATHOMAP_P00624,All
PATHOMAP_P00625,All
PATHOMAP_P00626,All
PATHOMAP_P00627,All
PATHOMAP_P00628,All
PATHOMAP_P00629,All
PATHOMAP_P00630,All
PATHOMAP_P00631,All
PATHOMAP_P00632,All
PATHOMAP_P00633,All
PATHOMAP_P00634,All
PATHOMAP_P00635,All
PATHOMAP_P00636,All
PATHOMAP_P00637,All
PATHOMAP_P00638,All
PATHOMAP_P00639,All
PATHOMAP_P00640,All
PATHOMAP_P00641,All
PATHOMAP_P00642,All
PATHOMAP_P00644,All
PATHOMAP_P00645,All
PATHOMAP_P00646,All
PATHOMAP_P00647,All
PATHOMAP_P00648,All
PATHOMAP_P00649,All
PATHOMAP_P00650,All
PATHOMAP_P00651,All
PATHOMAP_P00652,All
PATHOMAP_P00653,All
PATHOMAP_P00654,All
PATHOMAP_P00655,All
PATHOMAP_P00656,All
PATHOMAP_P00658,All
PATHOMAP_P00659,All
PATHOMAP_P00660,All
PATHOMAP_P00661,All
PATHOMAP_P00662,All
PATHOMAP_P00663,All
PATHOMAP_P00664,All
PATHOMAP_P00665,All
PATHOMAP_P00666,All
PATHOMAP_P00667,All
PATHOMAP_P00668,All
PATHOMAP_P00669,All
PATHOMAP_P00670,All
PATHOMAP_P00671,All
PATHOMAP_P00672,All
PATHOMAP_P00673,All
PATHOMAP_P00674,All
PATHOMAP_P00675,All
PATHOMAP_P00676,All
PATHOMAP_P00677,All
PATHOMAP_P00678,All
PATHOMAP_P00679,All
PATHOMAP_P00680,All
PATHOMAP_P00681,All
PATHOMAP_P00682,All
PATHOMAP_P00683,All
PATHOMAP_P00684,All
PATHOMAP_P00685,All
PATHOMAP_P00686,All
PATHOMAP_P00687,All
PATHOMAP_P00688,All
PATHOMAP_P00689,All
PATHOMAP_P00690,All
PATHOMAP_P00691,All
PATHOMAP_P00692,All
PATHOMAP_P00693,All
PATHOMAP_P00694,All
PATHOMAP_P00695,All
PATHOMAP_P00696,All
PATHOMAP_P00697,All
PATHOMAP_P00698,All
PATHOMAP_P00699,All
PATHOMAP_P00700,All
PATHOMAP_P00701,All
PATHOMAP_P00702,All
PATHOMAP_P00703,All
PATHOMAP_P00704,All
PATHOMAP_P00705,All
PATHOMAP_P00706,All
PATHOMAP_P00707,All
PATHOMAP_P00708,All
PATHOMAP_P00709,All
PATHOMAP_P00710,All
PATHOMAP_P00711,All
PATHOMAP_P00712,All
PATHOMAP_P00713,All
PATHOMAP_P00714,All
PATHOMAP_P00715,All
PATHOMAP_P00716,All
PATHOMAP_P00717,All
PATHOMAP_P00718,All
PATHOMAP_P00719,All
PATHOMAP_P00720,All
PATHOMAP_P00721,All
PATHOMAP_P00722,All
PATHOMAP_P00723,All
PATHOMAP_P00724,All
PATHOMAP_P00725,All
PATHOMAP_P00726,All
PATHOMAP_P00727,All
PATHOMAP_P00728,All
PATHOMAP_P00729,All
PATHOMAP_P00730,All
PATHOMAP_P00731,All
PATHOMAP_P00732,All
PATHOMAP_P00733,All
PATHOMAP_P00734,All
PATHOMAP_P00735,All
PATHOMAP_P00736,All
PATHOMAP_P00737,All
PATHOMAP_P00738,All
PATHOMAP_P00739,All
PATHOMAP_P00740,All
PATHOMAP_P00741,All
PATHOMAP_P00742,All
PATHOMAP_P00743,All
PATHOMAP_P00744,All
PATHOMAP_P00745,All
PATHOMAP_P00746,All
PATHOMAP_P00747,All
PATHOMAP_P00748,All
PATHOMAP_P00749,All
PATHOMAP_P00751,All
PATHOMAP_P00752,All
PATHOMAP_P00753,All
PATHOMAP_P00754,All
PATHOMAP_P00755,All
PATHOMAP_P00756,All
PATHOMAP_P00757,All
PATHOMAP_P00758,All
PATHOMAP_P00759,All
PATHOMAP_P00760,All
PATHOMAP_P00761,All
PATHOMAP_P00762,All
PATHOMAP_P00763,All
PATHOMAP_P00764,All
PATHOMAP_P00765,All
PATHOMAP_P00766,All
PATHOMAP_P00767,All
PATHOMAP_P00768,All
PATHOMAP_P00769,All
PATHOMAP_P00771,All
PATHOMAP_P00772,All
PATHOMAP_P00773,All
PATHOMAP_P00775,All
PATHOMAP_P00776,All
PATHOMAP_P00777,All
PATHOMAP_P00778,All
PATHOMAP_P00779,All
PATHOMAP_P00780,All
PATHOMAP_P00781,All
PATHOMAP_P00782,All
PATHOMAP_P00783,All
PATHOMAP_P00784,All
PATHOMAP_P00785,All
PATHOMAP_P00786,All
PATHOMAP_P00787,All
PATHOMAP_P00788,All
PATHOMAP_P00789,All
PATHOMAP_P00791,All
PATHOMAP_P00792,All
PATHOMAP_P00793,All
PATHOMAP_P00794,All
PATHOMAP_P00795,All
PATHOMAP_P00796,All
PATHOMAP_P00797,All
PATHOMAP_P00798,All
PATHOMAP_P00799,All
PATHOMAP_P00800,All
PATHOMAP_P00801,All
PATHOMAP_P00802,All
PATHOMAP_P00803,All
PATHOMAP_P00804,All
PATHOMAP_P00805,All
PATHOMAP_P00806,All
PATHOMAP_P00807,All
PATHOMAP_P00808,All
PATHOMAP_P00809,All
PATHOMAP_P00810,All
PATHOMAP_P00811,All
PATHOMAP_P00812,All
PATHOMAP_P00813,All
PATHOMAP_P00814,All
PATHOMAP_P00815,All
PATHOMAP_P00816,All
PATHOMAP_P00817,All
PATHOMAP_P00818,All
PATHOMAP_P00819,All
PATHOMAP_P00820,All
PATHOMAP_P00821,All
PATHOMAP_P00822,All
PATHOMAP_P00823,All
PATHOMAP_P00824,All
PATHOMAP_P00825,All
PATHOMAP_P00826,All
PATHOMAP_P00827,All
PATHOMAP_P00828,All
PATHOMAP_P00829,All
PATHOMAP_P00830,All
PATHOMAP_P00831,All
PATHOMAP_P00832,All
PATHOMAP_P00833,All
PATHOMAP_P00834,All
PATHOMAP_P00835,All
PATHOMAP_P00836,All
PATHOMAP_P00837,All
PATHOMAP_P00838,All
PATHOMAP_P00839,All
PATHOMAP_P00840,All
PATHOMAP_P00841,All
PATHOMAP_P00842,All
PATHOMAP_P00843,All
PATHOMAP_P00844,All
PATHOMAP_P00845,All
PATHOMAP_P00846,All
PATHOMAP_P00847,All
PATHOMAP_P00848,All
PATHOMAP_P00849,All
PATHOMAP_P00850,All
PATHOMAP_P00851,All
PATHOMAP_P00852,All
PATHOMAP_P00853,All
PATHOMAP_P00854,All
PATHOMAP_P00855,All
PATHOMAP_P00856,All
PATHOMAP_P00857,All
PATHOMAP_P00858,All
PATHOMAP_P00859,All
PATHOMAP_P00860,All
PATHOMAP_P00861,All
PATHOMAP_P00862,All
PATHOMAP_P00863,All
PATHOMAP_P00864,All
PATHOMAP_P00865,All
PATHOMAP_P00866,All
PATHOMAP_P00867,All
PATHOMAP_P00868,All
PATHOMAP_P00869,All
PATHOMAP_P00870,All
PATHOMAP_P00871,All
PATHOMAP_P00872,All
PATHOMAP_P00873,All
PATHOMAP_P00874,All
PATHOMAP_P00875,All
PATHOMAP_P00876,All
PATHOMAP_P00877,All
PATHOMAP_P00878,All
PATHOMAP_P00880,All
PATHOMAP_P00881,All
PATHOMAP_P00882,All
PATHOMAP_P00883,All
PATHOMAP_P00884,All
PATHOMAP_P00886,All
PATHOMAP_P00887,All
PATHOMAP_P00888,All
PATHOMAP_P00890,All
PATHOMAP_P00891,All
PATHOMAP_P00892,All
PATHOMAP_P00893,All
PATHOMAP_P00894,All
PATHOMAP_P00896,All
PATHOMAP_P00897,All
PATHOMAP_P00898,All
PATHOMAP_P00899,All
PATHOMAP_P00901,All
PATHOMAP_P00902,All
PATHOMAP_P00903,All
PATHOMAP_P00904,All
PATHOMAP_P00905,All
PATHOMAP_P00906,All
PATHOMAP_P00907,All
PATHOMAP_P00908,All
PATHOMAP_P00909,All
PATHOMAP_P00910,All
PATHOMAP_P00911,All
PATHOMAP_P00912,All
PATHOMAP_P00913,All
PATHOMAP_P00914,All
PATHOMAP_P00915,All
PATHOMAP_P00916,All
PATHOMAP_P00917,All
PATHOMAP_P00918,All
PATHOMAP_P00919,All
PATHOMAP_P00920,All
PATHOMAP_P00921,All
PATHOMAP_P00922,All
PATHOMAP_P00923,All
PATHOMAP_P00924,All
PATHOMAP_P00925,All
PATHOMAP_P00926,All
PATHOMAP_P00927,All
PATHOMAP_P00928,All
PATHOMAP_P00929,All
PATHOMAP_P00930,All
PATHOMAP_P00931,All
PATHOMAP_P00932,All
PATHOMAP_P00933,All
PATHOMAP_P00934,All
PATHOMAP_P00935,All
PATHOMAP_P00936,All
PATHOMAP_P00937,All
PATHOMAP_P00938,All
PATHOMAP_P00939,All
PATHOMAP_P00940,All
PATHOMAP_P00941,All
PATHOMAP_P00942,All
PATHOMAP_P00943,All
PATHOMAP_P00944,All
PATHOMAP_P00945,All
PATHOMAP_P00947,All
PATHOMAP_P00948,All
PATHOMAP_P00949,All
PATHOMAP_P00950,All
PATHOMAP_P00951,All
PATHOMAP_P00952,All
PATHOMAP_P00953,All
PATHOMAP_P00954,All
PATHOMAP_P00955,All
PATHOMAP_P00956,All
PATHOMAP_P00957,All
PATHOMAP_P00958,All
PATHOMAP_P00959,All
PATHOMAP_P00960,All
PATHOMAP_P00961,All
PATHOMAP_P00963,All
PATHOMAP_P00964,All
PATHOMAP_P00965,All
PATHOMAP_P00966,All
PATHOMAP_P00967,All
PATHOMAP_P00968,All
PATHOMAP_P00969,All
PATHOMAP_P00970,All
PATHOMAP_P00971,All
PATHOMAP_P00973,All
PATHOMAP_P00974,All
PATHOMAP_P00975,All
PATHOMAP_P00976,All
PATHOMAP_P00977,All
PATHOMAP_P00978,All
PATHOMAP_P00979,All
PATHOMAP_P00980,All
PATHOMAP_P00981,All
PATHOMAP_P00982,All
PATHOMAP_P00983,All
PATHOMAP_P00984,All
PATHOMAP_P00985,All
PATHOMAP_P00986,All
PATHOMAP_P00987,All
PATHOMAP_P00988,All
PATHOMAP_P00989,All
PATHOMAP_P00990,All
PATHOMAP_P00991,All
PATHOMAP_P00993,All
PATHOMAP_P00994,All
PATHOMAP_P00995,All
PATHOMAP_P00996,All
PATHOMAP_P00997,All
PATHOMAP_P00998,All
PATHOMAP_P00999,All
PATHOMAP_P01000,All
PATHOMAP_P01001,All
PATHOMAP_P01002,All
PATHOMAP_P01003,All
PATHOMAP_P01004,All
PATHOMAP_P01005,All
PATHOMAP_P01006,All
PATHOMAP_P01007,All
PATHOMAP_P01008,All
PATHOMAP_P01010,All
PATHOMAP_P01011,All
PATHOMAP_P01012,All
PATHOMAP_P01013,All
PATHOMAP_P01014,All
PATHOMAP_P01015,All
PATHOMAP_P01016,All
PATHOMAP_P01017,All
PATHOMAP_P01018,All
PATHOMAP_P01019,All
PATHOMAP_P01020,All
PATHOMAP_P01021,All
PATHOMAP_P01022,All
PATHOMAP_P01023,All
PATHOMAP_P01024,All
PATHOMAP_P01025,All
PATHOMAP_P01026,All
PATHOMAP_P01027,All
PATHOMAP_P01028,All
PATHOMAP_P01029,All
PATHOMAP_P01030,All
PATHOMAP_P01031,All
PATHOMAP_P01032,All
PATHOMAP_P01033,All
PATHOMAP_P01034,All
PATHOMAP_P01035,All
PATHOMAP_P01036,All
PATHOMAP_P01037,All
PATHOMAP_P01038,All
PATHOMAP_P01039,All
PATHOMAP_P01040,All
PATHOMAP_P01041,All
PATHOMAP_P01042,All
PATHOMAP_P01043,All
PATHOMAP_P01044,All
PATHOMAP_P01045,All
PATHOMAP_P01046,All
PATHOMAP_P01047,All
PATHOMAP_P01049,All
PATHOMAP_P01050,All
PATHOMAP_P01051,All
PATHOMAP_P01052,All
PATHOMAP_P01053,All
PATHOMAP_P01054,All
PATHOMAP_P01056,All
PATHOMAP_P01057,All
PATHOMAP_P01058,All
PATHOMAP_P01059,All
PATHOMAP_P01060,All
PATHOMAP_P01061,All
PATHOMAP_P01062,All
PATHOMAP_P01063,All
PATHOMAP_P01071,All
PATHOMAP_P01072,All
PATHOMAP_P01073,All
PATHOMAP_P01075,All
PATHOMAP_P01076,All
PATHOMAP_P01077,All
PATHOMAP_P01078,All
PATHOMAP_P01079,All
PATHOMAP_P01080,All
PATHOMAP_P01081,All
PATHOMAP_P01082,All
PATHOMAP_P01083,All
PATHOMAP_P01084,All
PATHOMAP_P01085,All
PATHOMAP_P01087,All
PATHOMAP_P01088,All
PATHOMAP_P01089,All
PATHOMAP_P01090,All
PATHOMAP_P01091,All
PATHOMAP_P01092,All
PATHOMAP_P01093,All
PATHOMAP_P01094,All
PATHOMAP_P01095,All
PATHOMAP_P01096,All
PATHOMAP_P01097,All
PATHOMAP_P01098,All
PATHOMAP_P01099,All
PATHOMAP_P01100,All
PATHOMAP_P01101,All
PATHOMAP_P01102,All
PATHOMAP_P01103,All
PATHOMAP_P01104,All
PATHOMAP_P01105,All
PATHOMAP_P01106,All
PATHOMAP_P01107,All
PATHOMAP_P01108,All
PATHOMAP_P01109,All
PATHOMAP_P01110,All
PATHOMAP_P01111,All
PATHOMAP_P01112,All
PATHOMAP_P01113,All
PATHOMAP_P01114,All
PATHOMAP_P01115,All
PATHOMAP_P01116,All
PATHOMAP_P01117,All
PATHOMAP_P01118,All
PATHOMAP_P01119,All
PATHOMAP_P01120,All
PATHOMAP_P01121,All
PATHOMAP_P01122,All
PATHOMAP_P01123,All
PATHOMAP_P01124,All
PATHOMAP_P01125,All
PATHOMAP_P01126,All
PATHOMAP_P01127,All
PATHOMAP_P01128,All
PATHOMAP_P01129,All
PATHOMAP_P01130,All
PATHOMAP_P01132,All
PATHOMAP_P01133,All
PATHOMAP_P01134,All
PATHOMAP_P01135,All
PATHOMAP_P01136,All
PATHOMAP_P01137,All
PATHOMAP_P01138,All
PATHOMAP_P01139,All
PATHOMAP_P01140,All
PATHOMAP_P01141,All
PATHOMAP_P01142,All
PATHOMAP_P01144,All
PATHOMAP_P01145,All
PATHOMAP_P01146,All
PATHOMAP_P01147,All
PATHOMAP_P01148,All
PATHOMAP_P01149,All
PATHOMAP_P01150,All
PATHOMAP_P01151,All
PATHOMAP_P01152,All
PATHOMAP_P01153,All
PATHOMAP_P01154,All
PATHOMAP_P01155,All
PATHOMAP_P01156,All
PATHOMAP_P01157,All
PATHOMAP_P01158,All
PATHOMAP_P01159,All
PATHOMAP_P01160,All
PATHOMAP_P01161,All
PATHOMAP_P01162,All
PATHOMAP_P01163,All
PATHOMAP_P01164,All
PATHOMAP_P01165,All
PATHOMAP_P01166,All
PATHOMAP_P01167,All
PATHOMAP_P01168,All
PATHOMAP_P01169,All
PATHOMAP_P01170,All
PATHOMAP_P01171,All
PATHOMAP_P01172,All
PATHOMAP_P01173,All
PATHOMAP_P01174,All
PATHOMAP_P01175,All
PATHOMAP_P01176,All
PATHOMAP_P01177,All
PATHOMAP_P01178,All
PATHOMAP_P01179,All
PATHOMAP_P01180,All
PATHOMAP_P01181,All
PATHOMAP_P01182,All
PATHOMAP_P01183,All
PATHOMAP_P01184,All
PATHOMAP_P01185,All
PATHOMAP_P01186,All
PATHOMAP_P01187,All
PATHOMAP_P01188,All
PATHOMAP_P01189,All
PATHOMAP_P01190,All
PATHOMAP_P01191,All
PATHOMAP_P01192,All
PATHOMAP_P01193,All
PATHOMAP_P01194,All
PATHOMAP_P01195,All
PATHOMAP_P01196,All
PATHOMAP_P01197,All
PATHOMAP_P01198,All
PATHOMAP_P01199,All
PATHOMAP_P01200,All
PATHOMAP_P01201,All
PATHOMAP_P01202,All
PATHOMAP_P01203,All
PATHOMAP_P01204,All
PATHOMAP_P01205,All
PATHOMAP_P01206,All
PATHOMAP_P01207,All
PATHOMAP_P01208,All
PATHOMAP_P01209,All
PATHOMAP_P01210,All
PATHOMAP_P01211,All
PATHOMAP_P01212,All
PATHOMAP_P01213,All
PATHOMAP_P01214,All
PATHOMAP_P01215,All
PATHOMAP_P01216,All
PATHOMAP_P01217,All
PATHOMAP_P01218,All
PATHOMAP_P01219,All
PATHOMAP_P01220,All
PATHOMAP_P01221,All
PATHOMAP_P01222,All
PATHOMAP_P01223,All
PATHOMAP_P01224,All
PATHOMAP_P01225,All
PATHOMAP_P01226,All
PATHOMAP_P01227,All
PATHOMAP_P01228,All
PATHOMAP_P01229,All
PATHOMAP_P01230,All
PATHOMAP_P01231,All
PATHOMAP_P01232,All
PATHOMAP_P01233,All
PATHOMAP_P01234,All
PATHOMAP_P01235,All
PATHOMAP_P01236,All
PATHOMAP_P01237,All
PATHOMAP_P01238,All
PATHOMAP_P01239,All
PATHOMAP_P01240,All
PATHOMAP_P01241,All
PATHOMAP_P01242,All
PATHOMAP_P01243,All
PATHOMAP_P01244,All
PATHOMAP_P01245,All
PATHOMAP_P01246,All
PATHOMAP_P01247,All
PATHOMAP_P01248,All
PATHOMAP_P01249,All
PATHOMAP_P01250,All
PATHOMAP_P01251,All
PATHOMAP_P01252,All
PATHOMAP_P01255,All
PATHOMAP_P01256,All
PATHOMAP_P01257,All
PATHOMAP_P01258,All
PATHOMAP_P01259,All
PATHOMAP_P01260,All
PATHOMAP_P01261,All
PATHOMAP_P01262,All
PATHOMAP_P01264,All
PATHOMAP_P01267,All
PATHOMAP_P01270,All
PATHOMAP_P01276,All
PATHOMAP_P01277,All
PATHOMAP_P01279,All
PATHOMAP_P01280,All
PATHOMAP_P01282,All
PATHOMAP_P01285,All
PATHOMAP_P01286,All
PATHOMAP_P01287,All
PATHOMAP_P01290,All
PATHOMAP_P01291,All
PATHOMAP_P01292,All
PATHOMAP_P01293,All
PATHOMAP_P01294,All
PATHOMAP_P01295,All
PATHOMAP_P01296,All
PATHOMAP_P01297,All
PATHOMAP_P01298,All
PATHOMAP_P01299,All
PATHOMAP_P01300,All
PATHOMAP_P01301,All
PATHOMAP_P01302,All
PATHOMAP_P01303,All
PATHOMAP_P01304,All
PATHOMAP_P01305,All
PATHOMAP_P01306,All
PATHOMAP_P01307,All
PATHOMAP_P01308,All
PATHOMAP_P01309,All
PATHOMAP_P01311,All
PATHOMAP_P01312,All
PATHOMAP_P01313,All
PATHOMAP_P01314,All
PATHOMAP_P01315,All
PATHOMAP_P01316,All
PATHOMAP_P01317,All
PATHOMAP_P01318,All
PATHOMAP_P01319,All
PATHOMAP_P01320,All
PATHOMAP_P01322,All
PATHOMAP_P01323,All
PATHOMAP_P01324,All
PATHOMAP_P01325,All
PATHOMAP_P01326,All
PATHOMAP_P01327,All
PATHOMAP_P01328,All
PATHOMAP_P01329,All
PATHOMAP_P01330,All
PATHOMAP_P01331,All
PATHOMAP_P01332,All
PATHOMAP_P01333,All
PATHOMAP_P01334,All
PATHOMAP_P01336,All
PATHOMAP_P01337,All
PATHOMAP_P01338,All
PATHOMAP_P01339,All
PATHOMAP_P01340,All
PATHOMAP_P01341,All
PATHOMAP_P01342,All
PATHOMAP_P01343,All
PATHOMAP_P01344,All
PATHOMAP_P01345,All
PATHOMAP_P01346,All
PATHOMAP_P01348,All
PATHOMAP_P01350,All
PATHOMAP_P01351,All
PATHOMAP_P01352,All
PATHOMAP_P01353,All
PATHOMAP_P01354,All
PATHOMAP_P01356,All
PATHOMAP_P01357,All
PATHOMAP_P01358,All
PATHOMAP_P01359,All
PATHOMAP_P01360,All
PATHOMAP_P01361,All
PATHOMAP_P01362,All
PATHOMAP_P01363,All
PATHOMAP_P01364,All
PATHOMAP_P01365,All
PATHOMAP_P01366,All
PATHOMAP_P01367,All
PATHOMAP_P01368,All
PATHOMAP_P01369,All
PATHOMAP_P01370,All
PATHOMAP_P01371,All
PATHOMAP_P01372,All
PATHOMAP_P01373,All
PATHOMAP_P01374,All
PATHOMAP_P01375,All
PATHOMAP_P01376,All
PATHOMAP_P01377,All
PATHOMAP_P01378,All
PATHOMAP_P01379,All
PATHOMAP_P01380,All
PATHOMAP_P01381,All
PATHOMAP_P01382,All
PATHOMAP_P01383,All
PATHOMAP_P01384,All
PATHOMAP_P01385,All
PATHOMAP_P01386,All
PATHOMAP_P01387,All
PATHOMAP_P01388,All
PATHOMAP_P01389,All
PATHOMAP_P01391,All
PATHOMAP_P01392,All
PATHOMAP_P01393,All
PATHOMAP_P01394,All
PATHOMAP_P01395,All
PATHOMAP_P01396,All
PATHOMAP_P01397,All
PATHOMAP_P01398,All
PATHOMAP_P01399,All
PATHOMAP_P01400,All
PATHOMAP_P01401,All
PATHOMAP_P01402,All
PATHOMAP_P01403,All
PATHOMAP_P01404,All
PATHOMAP_P01405,All
PATHOMAP_P01406,All
PATHOMAP_P01407,All
PATHOMAP_P01408,All
PATHOMAP_P01409,All
PATHOMAP_P01410,All
PATHOMAP_P01411,All
PATHOMAP_P01412,All
PATHOMAP_P01450,All
PATHOMAP_P01453,All
PATHOMAP_P01454,All
PATHOMAP_P01459,All
PATHOMAP_P01461,All
PATHOMAP_P01465,All
PATHOMAP_P01469,All
PATHOMAP_P01470,All
PATHOMAP_P01472,All
PATHOMAP_P01473,All
PATHOMAP_P01474,All
PATHOMAP_P01480,All
PATHOMAP_P01482,All
PATHOMAP_P01485,All
PATHOMAP_P01488,All
PATHOMAP_P01489,All
PATHOMAP_P01490,All
PATHOMAP_P01492,All
PATHOMAP_P01495,All
PATHOMAP_P01497,All
PATHOMAP_P01498,All
PATHOMAP_P01499,All
PATHOMAP_P01500,All
PATHOMAP_P01501,All
PATHOMAP_P01502,All
PATHOMAP_P01503,All
PATHOMAP_P01504,All
PATHOMAP_P01505,All
PATHOMAP_P01506,All
PATHOMAP_P01507,All
PATHOMAP_P01508,All
PATHOMAP_P01509,All
PATHOMAP_P01510,All
PATHOMAP_P01511,All
PATHOMAP_P01512,All
PATHOMAP_P01513,All
PATHOMAP_P01514,All
PATHOMAP_P01515,All
PATHOMAP_P01516,All
PATHOMAP_P01517,All
PATHOMAP_P01518,All
PATHOMAP_P01519,All
PATHOMAP_P01520,All
PATHOMAP_P01521,All
PATHOMAP_P01522,All
PATHOMAP_P01523,All
PATHOMAP_P01524,All
PATHOMAP_P01525,All
PATHOMAP_P01526,All
PATHOMAP_P01527,All
PATHOMAP_P01528,All
PATHOMAP_P01529,All
PATHOMAP_P01530,All
PATHOMAP_P01531,All
PATHOMAP_P01532,All
PATHOMAP_P01533,All
PATHOMAP_P01534,All
PATHOMAP_P01535,All
PATHOMAP_P01537,All
PATHOMAP_P01538,All
PATHOMAP_P01600,All
PATHOMAP_P01601,All
PATHOMAP_P01602,All
PATHOMAP_P01604,All
PATHOMAP_P01605,All
PATHOMAP_P01606,All
PATHOMAP_P01607,All
PATHOMAP_P01609,All
PATHOMAP_P01610,All
PATHOMAP_P01611,All
PATHOMAP_P01612,All
PATHOMAP_P01613,All
PATHOMAP_PosControl_NARG1,All
PATHOMAP_PosControl_NARG2,All
PATHOMAP_mix,All
